{"Drama": [-0.006657720543444157, 0.025306548923254013, -0.058008380234241486, 0.013190874829888344, 0.000663395447190851], "Commedy": [0.019444355741143227, 0.012710584327578545, -0.049107640981674194, 0.029064027592539787, -0.0363970585167408], "Action": [-0.020597806200385094, 0.038839083164930344, -0.028365621343255043, 0.04227204993367195, -0.021092385053634644], "romance": [0.005089981481432915, 0.007871229201555252, -0.04160506650805473, -0.03385346382856369, -3.224228203180246e-05], "documentry": [0.005076140630990267, 0.05269069969654083, -0.03344110772013664, -0.041273899376392365, -0.031678006052970886]}