{"Dark": [-0.012667639181017876, -0.022852374240756035, -0.016789745539426804, -0.017428550869226456, -0.005776371341198683], "Love": [0.043930549174547195, -0.02471795678138733, -0.018987884745001793, 0.07538976520299911, 0.054772745817899704], "Sacrfice": [0.005220277700573206, 0.04002446308732033, 0.02546374313533306, 0.0076797641813755035, -0.024174438789486885], "Sad": [0.014047232456505299, -0.023291459307074547, -0.06028084084391594, 0.06167807802557945, 0.027994660660624504], "Death": [0.038461070507764816, 0.03615393117070198, 0.014708016067743301, 0.07414308190345764, -0.016792306676506996]}