{"an inspector calls": [-0.004025597125291824, 0.014378232881426811, 0.016425669193267822, -0.02118249237537384, -0.03198925778269768], "romeo and julliet": [-0.008684325031936169, -0.026998912915587425, -0.03798400238156319, -0.0451609306037426, -0.030660608783364296], "the great gatsby": [-0.014038694091141224, 0.032919179648160934, -0.023035937920212746, 0.016821475699543953, -0.02126394212245941], "harry potter": [-0.040542155504226685, 0.02757047303020954, -0.021062033250927925, -0.004217491485178471, 0.015231556259095669], "oliver twist": [0.00597821269184351, -0.023156113922595978, -0.04938961938023567, -0.016118472442030907, -0.05509036406874657]}